,model_0,model_1,model_2,model_3,model_4,model_5,model_6,model_7,model_8,model_9,model_10,model_11,model_12,model_13,model_14,model_15,model_16,model_17,model_18,model_19
0,5.431243100726308,5.653116856719407,5.217852590095506,5.373506843396574,5.261164975577732,5.606671006802912,5.043233389089467,5.262493600881006,5.149328207391719,5.066689053486078,5.323903271019499,5.3919930142378645,5.44018085987868,5.3381833005020045,5.804924548404484,5.558635864618669,5.438318644742706,5.772143218449122,5.501273891418287,5.633634584184128
1,5.516551986495533,5.543645393435609,5.615558200765671,5.42539824343799,5.28007046357741,5.315587423196355,5.2783804463463335,5.262685721593728,5.442616561875871,5.216188023997075,5.1342359424226816,5.454308984156977,4.954788565888892,5.097800990772894,5.3829460404493705,5.512994651508592,5.234783514196746,5.10454726356767,5.3576772691430445,5.454640785338981
2,7.672997394819959,7.633831422587194,7.721033572327777,7.380925057260837,7.847100211417927,7.653347791156037,7.148202620342374,7.364204141800589,7.483775952929193,7.445689461094826,7.668409676634556,7.67375181597082,7.521298461955619,7.454902903627277,7.561330040243101,7.6607985559645275,7.768818015035307,7.881738136011604,7.529729210472621,7.562426125450543
3,5.718784594532389,6.13998855000777,5.959523218413381,5.899686309449638,5.714397255458735,5.793606067609227,5.529325862557999,5.83153094987266,5.631266111769575,6.147479599152772,5.967572286273615,5.770508136552389,5.991511825639435,5.746030578774896,5.72526151522958,5.620993476166742,5.562602447146524,6.094183439843194,5.507275835654289,5.945401798680571
4,5.306372518569372,5.654778335502076,5.508225408183648,5.329128180135852,5.6076392061686775,5.564615443864991,5.443509706533855,5.362882268852659,5.824867862138843,5.379994804284536,5.324420358210666,5.653892229735558,5.62031969684718,5.624408430926251,5.14436533714953,5.360851065452776,5.542515816593986,5.536475150014941,5.648112053104253,5.56124211835019
5,5.723251854059098,5.483922385946887,5.77373502259641,5.695976999808087,5.7902594626973,5.7086141868565115,5.632076730407588,5.454588793675466,5.4708767556304885,5.609570873942813,5.824921187650225,5.65258143899165,5.529676120610564,5.5241630779032525,5.486317556602192,5.5463023480588,5.850553322211873,5.585422834344385,5.44751452919506,5.125955676335151
6,3.0254292131293736,3.2788818142189617,3.157915445704824,2.8669366773777893,2.9815199502989924,3.033726130025531,2.9427145717195162,2.9137079751630575,3.381851919246789,3.15195952667005,3.2384995529035865,3.140898314875482,2.700660953328215,3.223153388665395,3.1862741682542275,2.9749464756617003,3.062680241492708,3.174969452048644,3.184271495397698,3.207144110013244
7,4.572270948898843,4.570892240461431,4.785779219208955,4.479327202939954,4.649156910872934,4.452215067949798,4.353948914124627,4.097393981537242,4.335045258613589,4.3538473640603605,4.574992747962758,4.640427708436732,4.340358266876359,4.5800236608580445,4.031254487406783,4.424591363319777,4.640795570713861,4.475326850838535,4.398397353481753,4.6078148987790115
8,5.759973802099053,5.887919950808355,6.122262783192813,5.638033916378891,5.613434913949304,6.066934110326136,5.74004339036325,5.789454066283723,5.917317442892664,5.699639666482366,5.837230739446868,5.858556337313604,5.898076654103747,5.878245178776403,5.808496330330554,5.80410011732884,6.028267545093855,5.735133954186114,5.864908565824461,5.7850419382428075
9,5.729807598765574,5.530188384994965,5.784029227376765,5.492896312034112,5.7342181712746285,5.302916578955551,5.09535574495562,6.264781319202642,5.703103579548037,5.291509320986629,5.546002146244417,5.315560933161722,5.4196137882878155,5.361163335532053,5.439808653167358,5.269953421145859,5.639387872936104,5.672240310110791,5.409272743253741,5.323825682844655
10,6.382191569382995,5.921039817328508,5.974453186740991,5.841655729733892,6.044438148659147,6.492878830849564,6.22364355928151,5.91861217897493,6.139733198230493,6.010973346680644,6.210394031808976,5.9970645307092365,6.1598495336263674,5.898179976058112,6.105062766098284,6.294416276376258,5.992061590529367,6.097745064478258,6.140260247287044,6.024993666439196
11,7.3921398237204485,7.446625216058338,7.485576914559335,7.34087694105561,7.367327539608107,7.35342679855915,7.4006247719356475,7.23681049563271,7.304866239123317,7.250165996169201,7.560168924560635,7.498046191320926,7.353144382270994,7.104501462921217,7.373321850325132,7.626245645058281,7.226793753848467,7.333910178667072,7.45932504338704,7.671769473797525
12,6.167200162198272,6.266519933434155,6.164628472930879,6.306133761754015,6.510401399605064,5.880132785823532,5.923223078653853,6.253769196357228,5.554881846967882,6.420985114156822,6.136777726348864,6.499203231805959,5.970953845675012,6.111047407291176,6.296417546179035,6.4693502346122225,6.439254943156834,5.96653042349949,5.969865969835901,6.548876061023669
13,6.755327318281048,6.53865830584768,6.527719486874265,6.859330600325158,6.465834484660582,6.597007539516758,6.540353627634515,6.5756494373362315,6.122340584439272,6.724256501953483,6.64022490241172,6.437446962726169,6.850933705761239,6.757580252697302,7.067792631706808,6.464673488414691,6.600577785994416,6.672820019723838,6.6080358849205005,6.426656066460927
14,7.050744975551143,7.732436408036767,7.294905799945145,7.300503921435716,7.183966020801282,7.095626847847343,7.339432680588889,7.3292430080005815,7.496382183973765,7.483208610923422,7.316802789700205,7.446440309014749,7.376192106903842,7.197638995618432,7.4526625986000985,7.671199702126522,6.961352995038557,7.683250708848659,7.413260897536091,7.155228949068521
15,4.594868411492332,4.277246993297848,5.0918278200448555,4.569996233035748,4.679147321136438,4.5204986142041035,4.609319193507301,5.031116638663432,4.9157687223109985,4.805029173595389,5.16565172952213,5.4190187621144625,4.628191242763439,5.325654758250435,5.175591342039929,4.874704447285805,4.842093039973081,4.64187354997774,5.001328360734111,4.381010163184927
16,7.501298381597746,7.584041629458892,7.343488697353265,7.063818356938377,6.908379552205254,6.7236238441103655,7.323083335660696,7.228994847107598,7.301602131489963,7.57922672405029,7.146318156467457,7.003218819884417,6.934092111065696,7.014190953059362,7.254053429791901,7.393717909195153,7.076609985431644,7.350558591723642,7.2699115237031435,6.979743007038318
17,8.993142679859186,8.697684956800718,8.947126540459722,8.977967043653084,8.921225974396469,9.388794336716543,8.86556489523388,8.614638908220396,9.144657982635099,8.775827155519572,9.221235956869386,8.931359190278867,8.965828423088336,8.99106118223893,9.351169173355641,8.86394804086478,9.227934893908149,8.870244416608367,8.940906391017235,9.077385909994462
18,7.260121443660986,7.019788018531253,7.242917532041949,7.351600230441234,6.732140101398974,7.12448596050816,7.371908666215772,6.787064427413597,6.974762860241732,6.843965072400959,7.110723889548339,7.263476829629928,7.010605691239828,6.920073976124163,7.101899099251788,6.67300916639797,7.063502803609916,7.471362913832895,6.687068043236292,6.7902210979086695
19,7.385612476112018,7.434952608856846,8.05341114880684,7.694677868058949,7.095625727177806,7.038408398212463,7.520907689305435,7.457077311301281,7.508926868749851,7.774761074526754,7.634470296916294,7.192515989764591,7.617476883320954,7.569101936260722,8.167552317494458,7.448376281092369,7.389156523119778,8.010430413294838,7.096440382297171,7.668894075100133
20,8.74002748888228,8.250325148702997,8.395084749777531,8.398738515399405,8.124486413375106,8.241415175710117,8.155698795772748,8.66181655795574,8.496858900344485,8.368201310082657,8.312375807957448,8.515787776870578,8.54621069672466,8.239336221570554,8.462669212845675,8.553189157598819,8.522012774539562,8.442383794273326,8.639675667729968,8.371227417637549
21,6.631466500711902,6.570949960093678,6.536676023625478,6.552719084596214,6.916369606138098,7.143459209345835,6.693049170131607,6.55274442297792,6.832525103201103,6.741151908480246,7.032506108406331,6.555120815329376,6.494608360809136,7.050902850488037,6.499641876096567,6.773949939505872,6.960723665516808,6.1496336964343286,6.448489559686507,6.8874773165402985
22,8.02513618922842,7.702919371047125,8.480784474410017,8.102493825050963,8.33892754911155,8.496142617346845,8.023748806198865,8.0438628170204,7.802378400476746,7.976452575051398,8.467656301998714,8.101043580940745,8.147212107301305,7.985849724534448,8.260872417388889,8.546543191981861,8.278272342648844,8.633491503351806,8.321571696871127,8.24924394945995
23,7.196775631477783,6.67496793556856,6.900512903805944,6.846076993308934,6.9430411146668,7.121829129530193,6.819216168445694,6.98239093074387,6.847142508251066,7.388534956703834,6.851870992499938,6.75608627057609,7.3394938511919925,6.921132026784284,6.884430319582441,7.028037978208568,6.939565844555965,6.636036304819566,7.110548232080076,7.108973567204413
24,4.97198428216034,4.59967889564707,4.908873379902386,4.851202691888059,4.882231559409183,4.754932117327545,4.580410535869463,4.952667193498267,4.522964082628755,4.867863333970655,4.747618186497005,4.704736152812856,4.923874076694687,5.092218275159077,4.295752299704326,4.896201046166069,4.8050688258311105,4.888672193254342,4.7099249001483265,5.0899391003159895
25,6.431094527558113,6.333377053935157,5.93777181708249,6.033457200848348,6.17324991879082,6.16789661872868,6.174102135837536,6.114190291047378,6.240887450526107,6.174662654936601,6.127510474187635,6.346032404227502,6.481625248709582,6.121026363741324,6.387014389583172,6.220376393678457,6.063570390381605,6.188035773581223,6.257795514093628,5.9660379909232635
26,7.9447530050184625,7.238406625946309,7.560009305882471,7.697267167307688,7.592326851967309,7.755207073895662,7.52622343582897,7.467721548365577,7.632242459881944,7.655836105989593,7.707322674375769,7.695613217044114,7.8744006469102334,7.574777667412992,7.711496402960387,7.471630844627145,7.72967170604325,7.807836796779591,7.774831300554881,7.588142319071216
27,5.083721292909255,5.032562576817014,4.777405261756824,4.509456456317567,4.763159028063482,4.8285280792507965,4.791573877881676,5.305081075881274,4.954196001613919,4.830907807045457,5.328711055437829,4.782561595103674,4.6587906100803185,4.539885571364879,4.471151169923104,5.015280794890308,4.515628723055174,5.140783347726133,4.645706457325559,5.087512878469412
28,5.502155378775028,5.1925325245981195,5.4815613331467565,5.371879048582295,5.324334752738205,5.358161246395204,5.031446841598116,5.618147453619589,5.515885724632932,5.946044344042191,5.64343800682005,5.200134139066485,5.118022080967788,5.641688915903693,5.501346895945314,5.567354164787226,5.372190694749037,5.592421724836186,5.6982190826704295,5.553520773384871
29,6.939370462409062,6.732355548547595,6.824439370936794,6.894207788060875,6.855924027039597,6.901031988023336,6.302464849977447,6.7843458721342,6.999485485593681,6.928523762471401,6.996320486168312,6.859373063147287,6.851507081371464,6.721850163795196,6.779939015664361,6.818738650813325,6.768898413661292,6.763874215772076,6.659544206646311,6.778814350422467
30,4.091729530323703,4.184377334612982,4.471329831568925,3.8940414231273435,4.1790490220275895,3.933647405186636,3.858896789924185,4.180619823703019,3.853281987518584,4.022573684452185,4.322885260548846,4.136185791688767,4.240228683113315,4.194966760854974,3.7931523189137426,4.491173670094817,4.48885810317428,4.121938951220379,4.278639089872863,4.058369119057422
31,5.162479301020712,4.946741292257624,5.18555840822904,5.2457755437740845,4.911379807648975,5.641353764829798,4.932999078856392,5.375973930765397,4.652035002968962,5.259479793424397,5.031668886517094,5.33723645574756,4.92453243804583,4.941502002029941,5.187690650588034,5.143270190061859,4.89273704640139,5.341365064023172,5.0137660281565335,4.903087036258404
32,5.7079093233595195,5.876781416730191,5.945252655786659,5.7415428001169175,5.844483986067865,5.869911570003279,5.746194796051494,5.639251933828213,5.6649687931868655,5.572680412486503,5.598169409005737,5.854592053411401,5.477771869564998,5.4657527096086085,6.109003843671738,5.4407816915633145,6.0547014356752324,5.726150332394128,5.6452843032955204,5.361038621989712
33,5.87900671978033,5.81195521788568,5.939044049495422,5.852373505389391,6.164535965237013,5.806949782641791,5.8247171089814564,5.787670276499239,5.93446742420605,5.8900636741542245,6.067878622703235,5.9565206075236095,5.774696327942776,5.984637304303737,6.016624735813591,5.6429462019475825,5.9715160304600285,5.938319744000257,5.946756382974645,5.880266269593728
34,5.7823300671767015,5.632723243526877,5.873903125122713,5.738980856877156,5.653807642859432,5.924493933155258,5.534261124675619,5.853074394298801,5.808342701596516,6.012120115387042,5.568060192372991,6.050864673385035,5.428927915725934,5.903222892892293,5.891626158738328,6.066197627674702,5.963783532051046,5.56747890561099,5.702451037050761,5.684625541612926
35,7.3360739739454495,7.484164708920872,7.2412963477144165,7.366124205066327,7.408213329115934,7.561112028148893,6.968879241385949,7.617756549749917,7.268962464597072,7.390194987069959,7.1659274089378435,7.316560371286823,7.085437734144081,7.208339428716096,7.28178678996518,7.2984395172303635,7.4915086270741655,7.295958168118236,7.115391164701428,7.429400355741368
36,6.344871324181064,6.16669611688055,6.052076194771169,5.973896134364152,6.20993055003583,5.880785744279759,5.971490348325195,6.28525756776617,6.2208818501541465,6.404704293794462,6.061652689169078,5.841771179974346,5.852151531036714,5.939176267713779,6.014520707698656,6.548174013880027,6.34251699258177,6.402850849802888,6.07345592309594,5.908249442657408
37,7.429028645413844,7.6574574592987235,7.488652552410741,7.8238134368789645,7.374455112376598,7.692991015673985,7.388261960464865,7.2936618653473095,7.9564281661647955,7.92297491263642,7.534820988456238,7.658043402436665,7.177613511885116,7.446542445300598,7.509086302465134,7.636403104912752,7.769205101981705,7.498218254961524,7.202742638351928,7.9509160632917
38,10.446983440429728,10.523159041765048,10.552853481836497,10.06570335955254,10.428978615185457,10.308349494551857,10.33210904250772,10.085719601932768,10.691166149163022,10.437070212489722,10.517090001243064,10.113847141944767,10.414489090279641,10.475741266232717,10.51185596455863,10.544897252126814,10.529642811857263,10.146497427086643,10.132521402189782,10.208260189710739
39,2.999540405125736,2.846764152350352,2.999290732904773,2.5510906026435203,2.9130669002556377,2.7304682731929093,2.7738963027383425,2.8220530084342856,2.7390925049907504,2.980746210570664,2.618690286064527,2.9622030823109453,2.6225904810702474,3.198660626533494,2.559186885397228,3.0855888926830453,3.1642172971168154,3.007884955659134,3.255256945189837,2.8890525831988496
40,6.72528988911146,6.48927304366744,6.484909593275614,6.270926389982401,6.364112738740522,6.489552632428381,6.5348892044703675,6.579498188492652,6.299674207610325,6.283326457198495,6.44322686189374,6.286350959728501,6.444675912068895,6.567340960093524,6.378872984023115,6.523465334284098,6.48351507354729,6.597174443661182,6.17221082650476,6.497422133321434
41,7.815375044077929,7.482972373171632,7.137349736339482,7.451190485863299,8.024531812945463,7.954428168414352,7.6160951410310265,7.532611319480974,7.867056818821652,7.715936557845027,7.3939834383851135,7.69486149201196,7.51090513152872,7.6599247163497175,7.329485755938003,7.524913217371769,7.381712982502313,7.959096731878633,7.612121228810931,8.013983568698421
42,4.134794719976391,4.284073307734363,4.025437732177124,4.0727588912542405,3.931553283319067,4.199080247411721,4.042353512495894,4.125625262192667,4.005803523164876,4.0379983216874,4.2233366223371185,4.264301636025169,4.435275871091168,4.044576269999567,3.9169824077308784,4.157708254166562,4.074325682666339,4.096917909654277,3.986407623535036,4.389811364860403
43,4.225743227064137,4.190092664979561,4.0376441530827645,4.0555438889081605,4.077055002195205,4.236460640309173,4.077413860647345,4.0483924131065905,4.131880600815588,4.1783428777245355,4.050035105413628,4.198861343248158,4.080519125349008,4.1163484835243,3.9089338048942333,4.1074990709310875,4.201085623447546,4.094924816304773,4.108893678714198,4.05797232214945
44,6.598403670601154,6.66798059927198,6.713109136643311,6.558510686707503,6.650821630921622,6.192844557264556,6.341869346846943,6.612813180279036,6.474823875833619,6.842064405043315,6.241515979386572,6.738230711866308,6.5389332188384675,6.721322455691503,6.396933884975821,6.322446357726262,6.7828891537036,6.7718078678442275,6.368512244284075,6.438144910555483
45,5.339360138084068,5.704873839514233,5.4809415884459955,5.34032109438335,5.100562428622778,5.006519796211592,5.004040896336583,5.131591964911522,5.647334829896958,5.516075891923172,5.305795648663805,5.131011912423059,4.771407338706064,5.32017829171871,5.106139796612444,5.282866242543873,5.493361982867395,5.602416739662081,5.333970564758625,5.580733320288192
46,5.080571400220666,4.7242454629882005,4.656739969470495,4.643801152012721,4.59395854956033,4.374793084717277,4.6235683085948915,4.642129993927949,4.854316558193772,4.351117411227998,4.606492110343826,4.617993162415937,4.397081807847412,4.311656938937374,4.465777965689351,4.786961482175026,4.519595549352863,4.732411376946544,4.71897114190349,4.402907254513403
47,5.94612010402933,6.163442034544377,6.7014156928119935,6.186562401907429,6.024416691022824,6.147312657826738,6.493196779834437,5.763968799233723,6.0621687992433255,5.8892074062330995,6.149068436367423,5.990612341216899,5.841772802602703,6.161912310808824,5.850300178237877,6.351359135064267,5.9019450462961665,6.641796980886181,6.583841852146046,5.689693712824374
48,4.461929686411418,4.415549425212312,4.255755951846965,4.743551403026752,4.519215558834766,4.423396346635236,4.9477752790387495,4.445219692358881,4.814548878024486,4.68785490020139,4.525242743034461,4.307263670528513,4.4207800916338424,4.498705565494691,4.217896679713945,4.588482651576392,4.497405358193458,4.340153718215906,4.530557795228512,4.388580082127952
49,5.8840907453543885,5.745093652907821,6.229873944041312,6.0544293064580135,5.796305124663206,6.226879447040771,6.313607249418851,6.086797896358492,5.699154786643934,5.991088237343687,6.048417361092501,6.057824135105582,5.893582463539959,6.082365553771043,6.152336479131402,5.974698709074,6.206469698315237,5.9016815048555635,6.20005309008155,6.00229891592112
50,7.030350625545102,7.41316796966341,7.179016078088955,7.357130840760434,7.439017599729638,7.615729856526661,7.5904426144170145,7.374268250956126,7.281969961294713,7.502948032836822,7.45866145797751,7.478911394065605,7.307347505508597,7.467049745310178,7.276393579495056,7.479387060142104,7.280355417514408,7.52009868551008,7.252464185871702,7.463973481102722
51,6.862208044344578,7.217449437461237,6.948072737922557,6.927404371675744,7.490916936795762,7.330333004438009,7.303624506327891,7.293846529947907,7.313090096289467,7.3458798292044065,7.008227457461929,7.141522775977139,7.1482161669761,6.8935828974774696,7.1823338256339,7.4805193764968045,6.741719169236453,6.917326996401204,7.187851163660485,7.272563240420847
52,6.714267426639647,6.533237045188049,7.042767997313727,6.798309682045957,7.086227336101501,6.8937745387680955,7.015247818507715,6.913316941890095,6.80491748164728,6.9309033533081,6.8542083684352635,6.962127240019152,6.744782571888759,6.980894524526185,6.795613068938466,6.852372679807351,6.859790040051186,6.73798205440137,6.506103018851563,6.765910446829558
53,7.852407746549689,7.452740284226728,8.11827784482369,7.723743487505717,7.849281271305289,7.746534099639916,8.23797350441693,7.335409326914979,7.459586735676543,7.547364305944947,7.5283764792181005,7.956103309549124,7.705805235453688,7.660550252176577,7.522160367050647,7.839037866718194,7.5225108346387435,7.86860452904084,7.698430556718743,7.518804491913013
54,5.308778209483666,5.384107904296637,5.133123273668229,4.886869780461324,5.629631197307659,5.379960484124529,5.143307272148422,5.588944523152049,5.289173428102577,5.122889780027996,5.2929576055523775,5.2193595953480045,5.419774271439129,4.981756806224984,4.984397719596449,5.88267884392148,5.03984124905938,5.230592631263223,5.2066420437316125,4.947819519801248
55,6.853921300935962,6.624921802504145,6.493659611617499,6.5135949775075135,6.531851669078129,6.454369951174579,6.6217343893228895,6.422509736490204,6.567913634409849,6.507385260634404,6.312980271690618,6.559521471888877,6.588868856487657,6.236152386215458,6.436460507771453,6.549429310851027,6.491276102559296,6.318406933524482,6.1756402439152325,6.542008697309697
56,7.779021182466407,7.608691105874765,7.881099436041287,8.000384197503957,8.195073976363016,7.907170407271695,7.7942514320249785,7.846020672006823,8.127524777207466,7.396359412866586,8.145935834153242,7.763894683844293,8.535095475057538,7.981738960319323,7.517745513987221,7.643894469464342,7.373292860719944,7.82550945205624,8.336140879483075,8.070533371569075
57,7.172864194938277,6.852144421755758,6.619200292629115,7.040330644430851,6.696138447032492,7.035540522325335,7.350752118622546,7.028521822100083,6.611545319846828,7.039002505581587,6.9746884678787175,6.934246947057348,6.89410305501071,7.003079688978455,6.742707766552492,6.9031260496644995,7.246569469109087,6.823882765318872,6.945950340053158,6.823346746770938
58,6.132106433765847,6.31641871293096,6.41044139304155,6.19224780651345,6.506978227353546,6.184233159013845,6.347688355958008,6.0539346143728,5.849270266670171,6.427424688054581,6.353178460804251,6.190240411824211,6.138611494228451,6.430441440679254,5.880437774614661,6.4030947690279145,6.534522796786279,6.25784636237122,6.108032347357433,5.75544647071682
59,7.591496200631029,7.654912724398045,7.676126917593402,7.752255727097114,7.751375110361791,7.78725927269333,7.644024881193788,7.697376545907527,7.534449746398975,7.726377496652264,8.063542068313708,8.087379897573452,8.360371369960284,7.732961668813145,7.772991559338267,7.741450708947259,7.786568219895383,7.6346252774008345,7.605836346980709,7.66303211917217
60,3.5412317213071955,3.5878361715952583,3.5441627561462203,3.647710965900536,3.198745622583653,3.8620464390656064,3.922042790146835,3.3593305819430874,3.1369191269091,3.472360993877326,3.579914022306756,3.313447344207246,3.4786141179885934,3.6576629765735884,3.5331521720890064,3.5311792740121746,3.4687908822222893,3.6578789882155966,3.497550215672078,3.9753112162891275
61,7.154935498225134,7.252982338590922,6.911667142649861,6.92561711381599,7.401481461630079,7.363777490578007,6.884114944950615,7.234041903387955,7.4336367341018725,7.286040738952481,7.149996737335918,7.359880045913878,7.311326115386226,6.9418463705886335,6.87297508663058,6.694972291978342,7.060756678322755,7.430137436118442,7.281958163658733,7.13989440083404
62,7.237680588450529,6.813442041140235,7.328408172871896,6.707900893731554,6.995317053509616,6.913271585988609,6.930441529560088,7.028968365080622,7.047761512382076,7.402151063320102,6.6209097251035605,6.9231710395538855,7.107603840138186,7.032328259951452,6.937616568891379,6.723379844818724,7.014539906812784,7.245172074851341,6.948443874494236,7.1441197600021
63,4.479590471285135,4.48175933726486,4.709258662584968,4.421413864237969,4.579234086503322,4.579744829169115,4.474995083645945,4.240074918453736,4.5781863731462416,4.407571943863837,4.310287651873871,4.6384637712429875,4.5587668336039435,4.32636610832245,4.113660555336355,4.408582601285004,4.229498960527062,4.784701432224436,4.401927572788555,4.437376243793977
64,5.517427372375081,5.313571762172655,5.63965830884435,5.598336697993861,5.843499083846103,5.716771395724902,4.976733425952822,5.359054637430835,5.479454394924188,5.438529527506985,5.459993107094169,5.197754612648135,5.447463108098436,5.699174085437086,5.610484003938328,5.371678627702987,6.09431763117748,5.5470610919016465,5.323045073773665,5.477513780039711
65,5.200335602058205,4.647718431191002,4.963214010216683,4.686362931791096,4.9426246022178795,5.012198678140698,4.970349377436946,5.43506302394152,4.731273487050695,4.781720639070883,5.019578833076598,4.864871195512826,4.9111247319792195,5.026178897992734,4.919820768851816,5.081507061559114,5.27664619632032,5.292579630016576,5.02817886707257,4.817243404618317
66,5.063755513034341,4.449581494510119,4.795210346765321,4.32724106791817,4.734112723864077,4.7754757838933,4.676257988175884,4.8067578650423055,4.690890172123325,4.504993442191908,4.929865779656845,4.574027724546132,4.596796917334816,4.9247278425876315,4.195498255563265,4.45391857515977,4.460957301667425,4.810934524323956,4.549249048322805,4.796982068372907
67,6.562409033281304,6.55051941483144,6.893695630975575,6.582265262077517,6.900618681278745,7.015895869466156,6.714745428008576,6.480128735186259,6.379882282607479,6.633999686492315,6.408611335563113,6.764575353751502,6.697326620308449,6.803469528938395,5.879408382979447,6.751640815976379,6.643736328830576,6.354132708495505,6.489462781786434,6.897444261895648
68,6.406321542666241,6.17746145971173,6.852535241411915,6.6743802284002705,6.748424393054806,6.909132338374457,6.438454528243023,6.794448899228164,6.6835934726094415,6.7146074735660655,6.533697298852999,6.635413818767578,6.855238382596722,6.71551129371233,6.470162442751391,6.6346710840130525,6.663927270490993,6.851297429572355,6.513963885368932,6.788961402153827
69,3.5163758186452436,3.564833649379296,3.8454947952548855,3.6391959209490476,3.828514354631511,3.851449804374839,3.5767443059490835,3.759022029308702,3.6513156601373264,3.673693952418426,3.8454691462948203,3.0614674144117657,3.471944825748616,3.665174176729491,3.6542534708749352,3.7068311481066822,4.165298442713811,3.531919070134033,3.6809097216520135,3.5255157328974636
70,7.369995641636162,6.770154019028324,6.3392601094298096,6.629449115297126,6.995442266145142,6.994432555916125,6.565914572975974,6.773856401624254,7.0171446705424305,6.987883452901519,6.5907244344283,7.124174245555421,6.7173844143328,6.511011899596719,7.249190872298319,6.674153623253542,6.941491323197239,6.827157178329092,6.56739530150578,7.072524915869966
71,6.981263323346201,6.986231747166878,6.556299704809802,6.833621428820438,7.273544735485314,7.00362490884735,7.137496669625577,6.607213577702145,7.287816567675349,6.905541831615697,6.784748478339698,6.552957208869229,7.477517497724353,7.077172181808045,7.45538313331556,6.930859309803196,6.624683784579142,6.820081546126981,7.1795001763211825,7.024061839635205
72,4.591027592932239,4.550514166468107,4.850280006149278,4.9593162630372785,5.150266643106731,4.366079283681076,4.794524158394076,4.319700243178817,5.085612048433073,5.007539894983109,4.831194498672266,4.3973493081409085,5.0591375784759345,4.857413823668448,4.758607091477918,4.5744164616142795,4.5769818107943685,4.60805302199198,5.044635656739126,4.9661787186959385
73,7.905546460312386,7.831271369348648,7.858482955846826,7.610272345885349,7.341129807600437,7.728800641116566,7.351056446943262,7.763246210527678,7.753403749919094,7.6903763572390185,7.624268751953329,7.801658717833608,8.314772788670348,7.665358350290152,7.476396500879829,7.664024599402071,7.578725891767762,7.413713027036861,7.221391327140637,7.8015174321464755
74,7.889263403647414,7.538546986298828,7.12833024850518,7.632868423320344,7.2492801243411416,7.8287308000533615,7.713140648450473,7.119630155125467,7.007298483056956,7.612939795919209,7.458542699393192,7.1011778020012555,7.593986299736109,7.732740674915043,7.551427092905378,7.398186648950939,7.3332002978650195,7.2973047793006725,7.428483365315355,7.590289098035605
75,3.291889394441884,3.4922506437891627,3.098342286905951,3.3267284090328144,3.3117394327988987,3.3382454734706144,2.986800904509859,3.4193080529167927,3.064408341907478,3.3144096606136055,3.349768194091684,3.230498058537178,3.652960009990871,3.091381368194575,2.916192761063244,3.3292957093893767,3.423447495074959,3.3870856481666336,3.399375430697903,3.267927110101785
76,5.0267482698677135,4.636412017072368,4.89167959990168,4.698987630207724,4.484427394422347,4.442180706456289,4.190015132993848,4.532926210985128,4.4915354669489815,4.417510574418083,4.7209207887653495,4.770652953899788,5.215449147897126,4.595713406012973,4.821560459020576,4.704782510666549,4.911848380955602,4.48106860373375,4.958845426663807,5.104299200488886
77,5.519604203939221,5.537302988641102,5.680726598622227,5.435088937569191,5.134382338778657,5.137011091268933,4.675873365713047,5.283675361416428,5.007191809063931,5.178900437978562,5.303125252845824,5.396289427441597,5.719360043922498,5.218703806187413,5.456883612805572,5.362658561310194,5.524444768446105,5.553455919235118,5.691959163518266,5.240365761784409
78,2.7258711613310993,2.7914629565006353,2.98219410873537,2.7797650549983994,2.714925595229329,2.911964975933417,2.7295098373650464,2.892616754834785,2.819194666152833,2.6415918458618757,2.718657419672398,2.757639608476213,2.795314331387187,2.767788342237529,2.7387202957807224,2.7911925698127584,2.8127233013797506,2.845752886771642,2.8328669592968465,2.869646129499329
79,5.629530761358394,5.240435820933234,5.363118760997997,5.645537387369153,5.366792096087405,5.478780977778657,5.260231742621096,5.203582035791884,5.1956169363086895,5.245636671696566,5.403519311809032,5.162352363008614,5.3413913711419845,5.400932336776149,5.191110316224297,5.3875964251427355,5.436742275166151,5.144889703592801,5.242187672010708,5.303256698000537
80,6.325030413784977,6.361267444554878,6.319605655370704,5.708281367911072,6.26809650052072,6.4386334724072745,6.366918889687501,6.058200352283956,6.265163170572221,6.290118968840112,5.913304440139271,6.344507533094738,6.392971495728485,6.126916157326199,5.814576239309678,6.248382127674081,6.594361006623661,6.483054415317632,6.078011219770483,6.354202377338702
81,4.244206026571589,4.730369891183755,4.391700081877911,3.8142948528188656,4.222508943408272,4.428370073292216,4.519123453208213,4.091034036887985,3.9172619827628017,4.370093845004608,4.224873603884588,4.69734805612015,4.452240548126028,4.517518944134608,4.688221466734543,4.063505169901217,4.43741230145997,4.7503427469809765,4.796280222891456,4.848038223829218
82,4.4398537496639605,4.462403016087328,4.391434193047397,4.31222118874662,4.65325022980415,4.461997357466984,3.990170111830502,4.659470753427923,4.252469605303929,4.253350421757165,4.727685098447383,4.633492430053193,4.875096250996567,4.296819256163643,4.249895627651711,4.304355937662377,4.254119680235604,4.0852808696360485,4.204853874502953,4.72002572898864
83,4.43733576227204,4.385827600863976,4.241125941209178,4.061502881424261,4.5182269462534,4.606995507933769,4.329469776332587,4.238315702020049,4.2521488623702295,4.315531780246962,4.2625917733285466,4.507695814538854,4.366866365188743,4.509193311994363,4.5723678906385015,4.289904983925441,4.4103088898974825,4.279287342441355,4.414995100097384,4.72401688307625
84,5.568532675349166,5.274774044632615,5.73775668199891,5.572951369052026,5.905425446614482,5.47686160462603,5.6872603526518555,5.2490237206215085,5.639702971642826,5.59745744807881,5.067513538571097,5.719785457193576,5.5892378796777535,5.83945142876693,5.233217279805963,5.024977881580156,5.347727680491673,5.8078684227149395,5.630416109011097,5.440097399663806
85,7.203447973281718,6.639389179802533,7.0872943462878055,7.093972841258104,7.056338482228655,6.663516962397886,6.783867754637585,6.88743049096726,6.814121416257247,6.962965284115962,7.090369915610804,7.07334967060333,7.302429011419055,7.007634825942318,7.003870489575791,6.973171763495914,6.685804444941098,7.242705538246382,6.73779901096799,7.028402621650946
86,7.880483064100355,8.026357185894257,7.848281147871759,8.074328975055975,7.542161899737517,7.610098532810676,8.040993983765821,7.925310271994132,8.198056962163559,7.8039566697437035,7.66954687965827,7.652068920523475,8.026006255755846,7.717765402307205,7.920231931738817,8.017894222067538,8.143995317896541,7.786712049423322,7.716546345793409,7.898114563833076
87,6.0069976898097845,5.73617792119312,5.777220679001841,5.6967986549099905,5.927555609281436,5.423666163334442,5.77388249743969,5.536439436880274,5.315672885716143,5.859510804638154,5.861604025517327,5.7673352191561325,5.4797709018886795,5.420458163077475,5.492477919220606,5.7167739710954955,5.626052570306337,5.908786607831605,5.366056041903435,5.475475987626479
88,7.24783102288538,7.4369255905155685,7.597156127508526,7.092170952925715,7.123245797546827,7.284647950326306,6.922885905365085,6.842940032477939,6.899782249454503,6.894458153869282,7.052468366225764,7.149255510683892,6.776853351650546,6.846351512094895,6.814043844532886,7.262750063337479,6.681568376827564,6.550444861078564,7.1838794805063255,6.786773278159226
89,8.38347849988247,8.057749901072274,8.02412554107194,8.113306528503966,8.01552013303911,8.009231924614323,8.008500629088784,8.073334352106254,8.223783517478656,8.130045909040842,7.741353996181568,8.377045182510633,8.40056909232508,8.266354457574224,7.869207125296969,7.849406982916069,7.969034449141556,7.905706268601213,8.125081442823928,7.915036879104507
90,6.061634630831277,5.952156210744334,6.308398261226287,6.1182944831728925,5.913359268155055,6.225351099234417,6.202286194144071,5.982475944730533,6.333917991014214,6.542570824901086,6.175198874174581,6.181253436596258,5.9062823274769665,6.10309986211057,6.044203315343621,5.905497681340691,6.36631439506421,6.233118274323935,6.19687344766912,6.573834721082587
91,6.513553791122109,6.609590478348174,6.56404409531031,6.553284358389014,6.628035889382229,6.942355090186046,6.428681985634043,6.614870806355171,6.598124591350162,6.899580295766528,6.654150806522805,6.866597935580923,6.8838374667912685,6.8522944369332635,6.861257666511434,6.657837021927396,6.7015432958563,6.866865859505513,6.488682255107003,6.806908323820216
92,7.336294359894875,7.190601411598326,6.9994112991527055,7.301485440645896,7.3891638954137875,7.232085971900715,7.535093875410107,6.992284018927338,7.068405479596752,7.196706028884391,7.33669841700144,7.241390036498519,7.3959116803272895,7.1471752389876615,7.4569292808257615,7.4332684385431165,7.163526171037033,7.248027449022976,7.122401064489521,7.062681101307156
93,5.120746271014124,4.922875713432498,4.901975736627028,4.592755088606039,4.685372845883898,4.705201567761833,4.938776552165789,4.744233579665313,5.178671605628834,4.811820280910396,4.884649278516381,5.152769133422421,5.0071641864279535,5.1050733326367785,4.702444984812164,5.031248778072363,5.103717106462316,4.580670213261829,4.71978281587125,4.877591401597714
94,7.763611818472656,7.516936612367604,7.165633034138086,7.944758103675468,7.396499481070764,7.8671600944472075,7.690143033573292,7.509448879174865,7.859305564426585,7.618501175755546,8.20317073948043,8.001847656855887,7.65550270854062,7.554678544429892,7.242917532111503,7.78036771993713,7.492597862592554,7.761621159568271,7.85772590959318,7.537625471556469
95,9.491139883338269,8.943697142567046,8.752020415264013,9.16522229966027,8.941907860254972,8.87694283888086,9.080131385293544,8.801184438970374,8.922019998381856,9.290965313816391,9.1729690542107,9.45704677507776,8.927325444051124,9.078248781436354,9.452257676742537,9.283446018138255,8.672891007621239,8.78179639749396,8.647914245166607,9.076684659420332
96,5.373472198822258,5.238080908078041,5.4169412294717585,5.610312448705991,5.677490973270642,5.822199242539977,5.45606935034925,6.01870357076497,5.674945019402645,5.3795889990277015,5.491595860393943,5.7416058788318125,5.66399138531836,5.438231464458265,5.713177719821486,5.560627369932881,5.7031655572969715,5.824836030750738,5.358550697632097,5.673453320911079
97,6.448922432496127,6.365869042360513,6.53254278262639,6.6725598779366155,6.692390708413621,6.438547138761667,6.557378807203193,6.447761489478269,6.717530387845328,6.522436321141195,6.6058175178711185,6.623862593266168,6.151431294708026,6.6656382577674105,6.7895702085112255,6.349900544617097,6.561929741897464,6.301178374650291,6.442458278486285,6.681367602110397
98,7.0285025529531655,6.895877623771796,7.03449056180572,7.20253588226484,7.089682744364154,6.987065561232049,7.19275079597965,6.524911776577799,6.789294586713281,6.673470265931935,6.949077694704478,6.819940871041008,7.096053552937088,6.396877875071688,6.793637436927471,6.950731743352193,7.0471886564447335,6.7910779497437765,6.878752088215812,7.0828831103146985
99,7.53561538957542,7.77967356170816,7.673194503913154,7.57148912880601,7.545487052204672,7.384456078887066,7.706035951731457,7.384741953355561,7.599969756253335,7.963767392538415,7.505713399022944,7.612996504007137,7.724461586868875,7.321361481726058,7.042186814602717,7.408187656077501,7.759470922622631,7.4696456585332625,7.694426304546015,7.790298780855011
100,8.394239407404202,8.505545739099453,8.630362546887987,8.300880225885356,8.066946213238387,8.369522473541814,8.619400351122323,8.497379106224702,8.211356517878988,8.329947548073127,8.40822926497923,7.904645410445376,8.389164792840704,8.05069480123762,8.248958273890578,8.138755704086304,7.845021013729024,8.12923772296378,8.128861727867868,8.178153975478615
101,8.070973964236206,7.9884208251508655,8.277054984115903,8.015117855579785,8.124611492734779,8.10487084637402,8.152726756724267,7.649514124251719,8.046635038709082,7.624639612379715,8.042530693441636,7.922060105278039,8.16647934134523,7.656865729204952,7.832973393892064,8.001842068534286,8.211257683155893,7.9980312286759165,7.857703953166861,8.017500843162155
102,2.3122601927302853,2.360221725655003,2.364316487958419,2.27742676363207,2.0495746489102062,2.340200519796616,2.4124217209549474,2.5033669786536734,2.3726081007793036,2.438972071566634,2.2781621843131816,2.5948271218481023,2.495922922057483,2.4995387938995046,2.5031885974731063,2.40361372754431,2.740063283732277,2.348486017086562,2.477007029962113,2.140173387912665
103,5.821657317003457,6.284401073851498,6.144509691435568,5.866236566390857,6.112166964151185,6.176238681622957,6.023817112719945,6.007415422207158,6.24734159088753,6.162771462708363,6.236587141412266,6.1889972776568,6.261773733767582,6.304614588969606,5.941725501942684,6.185290765086686,6.049546728931136,6.105485399444937,6.10679691497952,6.099818904607984
104,7.670718599490538,7.712771438391713,7.659971686314957,7.6977124432478625,7.70443026931406,7.6868787419498315,7.8471748217593245,7.780298071331535,7.473037263775012,7.398286697039232,7.57163882585855,7.542931149463831,7.686587547366347,7.629073495472499,7.2123462318572535,7.439054154037754,7.435277208311154,7.633201386006709,7.650060047118346,7.513235954411005
105,5.283069964297955,5.140648188983801,5.28619615114434,4.841367919799813,5.05908264477169,5.244840745819097,4.688506176374938,5.085836360069116,4.8065570191728,5.071371961427952,4.795707071018381,5.245740841847825,4.8366260721314,4.890285550500877,4.715614109993416,5.064224601287062,5.005499220861191,5.2608081112531195,4.752989177803679,4.91360086192294
106,6.601437338852923,6.371981126975278,6.3589861900395395,6.454729337550164,6.330717478019926,5.77996659467334,6.0168921728925895,6.922384225249099,6.489078802785023,6.731865942056369,6.512096257749847,6.427974729483706,6.376915722944095,5.94907474247459,6.1849741870240535,6.654739886156921,6.403970054720055,6.388174489430961,6.3541729267846225,6.641995927330083
107,8.068467846816379,8.464084209036193,8.428924075561241,8.373852007001725,8.655108355668423,8.128472014568281,8.40311613013931,8.400482841205774,8.383683190471318,8.488149914456603,8.292209267306648,8.163572264364507,8.280136092877761,8.486060716357546,8.346281333902962,8.386892207617862,8.444323878783049,8.43337024018259,8.394219019981406,8.58758542967336
108,5.50970144741642,5.5031321511046905,5.490547220786741,5.284946371976135,5.7076942248494476,5.3473305752691385,5.7603998251709445,5.224804578269957,5.170306261949632,5.233656122487629,5.53482846907686,5.800567577552669,5.320874910729202,5.425851568551976,5.637093229724256,5.542009057566203,5.653963606260987,5.684380747344452,5.175694749256969,5.2071596408970064
109,6.845909839353186,6.591485538158793,6.727565128593316,6.434347867933527,6.728907409188071,6.841093856418827,7.1355283305515265,6.869994943302224,6.651286951158737,6.410596859055397,6.444370535135034,6.585480802955601,7.082771089565146,6.841212699565881,6.448175350753096,6.6578565862142405,6.799092841937927,6.803421051145715,6.566653282283655,6.979900598430004
110,6.742316218377771,6.780835807804301,7.022936401271842,6.381181684231759,6.2743047029386165,6.757401458536784,6.692073729201981,6.488496780763942,6.9478364487678235,6.448899114744787,6.857412430826848,6.722996859224548,6.739113073812343,6.552715338956071,6.389658988006378,6.815020431378748,6.577877824609715,6.496820885899515,6.729486627611507,6.311436879299015
111,6.414034173451209,6.220975204141872,5.966746574681938,6.436057401648364,6.323167747103345,6.344885643321455,6.358959757916965,6.593959983666473,6.387296989764632,6.544788788344702,6.261657151729977,5.90712027661066,5.860610701829182,5.978931514754556,5.949647690136239,6.004510358563406,6.29705183842324,6.325354028004421,6.41281735605702,5.8780554311383
112,6.853690651802154,6.402073543930113,6.823665658205378,6.675045092687903,6.482626819958661,6.51975816857751,6.184543412435994,7.00669938815442,6.308626565534361,6.610507967961116,6.551303510293059,6.509123231393799,6.7284144756205215,6.612147612269377,6.351535576195998,6.501798090024336,6.596371528755478,6.541011491366607,6.722328231109794,6.799364155724858
113,6.51313797885245,6.377783263955587,5.82192724639463,6.38809800750785,6.258836075823642,6.289350496020405,6.033924738138021,6.134738548428793,6.512954013110309,6.316614522831756,6.3862492978307674,6.497680064187648,6.2585909011034575,6.6023111842146225,6.377176089086024,6.416171502233491,6.258712175044375,6.7165128702098595,6.611988820419737,6.4498515934710205
114,3.4741544684593233,3.22204475094451,3.3600011401173226,3.33689289856438,3.6133012200621204,3.2070326823918816,3.0846571300102754,3.457481389846566,3.016103047761238,3.605311727037324,3.4386733166083117,3.202017671124861,3.6272585712575074,3.408047465206643,2.9852491358170647,3.2680132039487084,3.247286073203982,3.315836431464478,3.2381734211274216,3.149986460007335
115,5.1822510614354265,5.37027419102378,5.179863435517882,5.327313222206735,4.9784458784431145,4.8779224124923655,5.252222660007519,5.127556754873497,5.17148798263192,5.207273891472582,5.090569182931501,5.31776869684242,5.054575457851373,5.13282613983384,5.059748726768694,5.305002318951217,4.830606262570191,5.010940612869108,4.8872704869518975,5.059356058351431
116,5.054299353757051,5.3538955281377305,5.392919163908241,5.131106560501096,5.1485515262452966,5.237233076674025,5.101142878290538,5.0091940788099585,5.196826148323893,5.277432324346634,4.912041746154147,5.254564914200916,5.24766473788741,5.289004020610198,4.89812709710084,5.356610672392469,4.959268364484695,5.143281584374937,5.1268882087621925,5.198704304326781
117,5.9507786118855925,5.092817266055982,5.730107092325815,5.852949541047714,5.743961756242324,5.70093677771633,5.400442780296345,5.491142591687041,5.728851351006901,5.547299230293426,5.636921784757368,5.837243796391373,5.832467708195328,5.207305363429995,5.374981513320758,5.404450719701588,6.076210468170623,5.876137234402109,5.9009833172752835,5.518063850306314
118,7.362847200614727,6.9981527344251555,7.068448926740484,6.852056242706407,7.163272486691758,6.998542540352874,6.888362774518549,7.266217524452589,7.139663794599484,7.061087295469328,7.152650485249387,6.983511709408518,7.0690372941141275,6.891711598793906,7.025506234645393,6.97354281753563,6.824505159509376,7.087328287941979,7.243947838625159,7.0547038308307215
119,9.360147036761937,9.123192605486963,9.089722348193217,8.987495748081157,8.888732348933942,9.311179009692992,8.735908780570465,9.137668406700307,9.155599108155194,8.979900082765964,8.979069408858951,9.198726901888053,8.785027746764376,9.085322481740018,9.12130768967134,9.108763891416295,9.186627927168889,9.039824297495064,9.08369407576927,9.061234901368728
120,7.296748692186354,7.247879057349428,7.34039684253166,7.263832699501135,7.327831787111765,7.062427658079443,7.579710481045695,7.683861298148502,7.311574439648927,7.189337153356799,7.074865261770808,7.479951206527245,7.368026137057246,7.294263220483062,7.105985275355487,7.4641529504612505,7.473655121741967,7.732458283836236,7.326806323358451,7.449941379780295
121,8.611218862626263,8.15962922979342,8.354533586944704,8.538995888615721,8.19809945880803,8.342314984939238,8.70221879946545,8.012417259107579,8.27462005908751,8.33368675196801,8.363577954108823,8.109308435465385,8.534265590439736,8.456540807758607,8.500723980629537,8.47980609522827,7.986354412112474,8.309609934125804,8.493141638374901,8.232836980048704
122,9.050361626438692,8.692944308449988,9.271041728219691,9.026890747585654,8.947856803962885,9.323854119935053,9.055233489608348,9.412666793110173,8.813579295801679,8.83183146713774,9.215817932049958,9.088906081687744,8.898148859617303,9.348164283890936,8.86764072829864,8.71494548752193,8.95101356604824,9.18314182988191,8.9869945156046,8.911736144278166
123,4.205312774197751,3.9924719712430963,3.865341094625133,3.790290642908977,3.8252333506957754,4.143886159713132,4.066389640479187,3.873458590255509,4.069594943642711,3.7719162533623907,3.9200744953206295,4.180553259920981,4.071169260177868,4.015242038401,3.910378923414828,3.958451069095954,3.930770095502316,4.020644391061925,4.137848732203416,3.8765992702265106
124,5.373301238569924,5.396084674482322,4.93706637389392,5.192700173638894,5.05584711413199,4.8176053663885625,4.836812046461693,5.239657598608507,5.300129671991044,5.179424742601148,5.388218833208443,5.229791215292444,5.615457098778846,5.2543554817133575,4.8862079437681505,5.168082533539707,5.099655975716439,5.0467287605498825,5.111816495310178,4.508437892763822
125,5.144265784627198,4.844965683928599,5.084661455008894,5.012749703137718,5.009400500931944,4.994221614274439,5.306701583933778,4.580360785527478,4.766289003028822,5.002077118208058,4.8983643775244055,5.093846028289832,4.86952260220559,4.981579738655892,5.036233290740665,5.2023065204246635,5.166977980606056,4.754930335875956,4.921710007954177,5.103894484192445
126,2.882539548568883,2.8915847758890987,2.8768953610083123,3.070479793725383,2.9255882699859805,3.0094055738106706,2.866875111128131,3.088263737312037,2.7483377481827214,2.8870798381784377,2.8544678643634587,3.0900227770201827,3.160414118972227,2.96240053939714,2.7857771840423493,2.82553696031888,3.0568009614785563,3.070170263285842,3.014279332893841,2.7017122386256283
127,4.702076750775314,4.4410444651509025,4.6761103956524845,4.551646163781555,4.543120534762856,4.647681096280769,4.512292239330909,4.756876326144063,4.658315869016011,4.6417793030829255,4.794328106695133,4.820535273732858,4.501672453961426,4.667333108422441,4.411187630756825,4.696029601624206,4.53827747612688,4.445773498282937,4.576597517639252,4.364746741947675
128,8.006138467011057,7.778689996482976,7.823120928367997,7.801561898580649,7.700521806505822,7.7680412333908,7.806133233468314,7.748064367790835,7.691839273829252,7.834634836932948,7.842331888701633,7.89353023349577,7.78188855392794,7.806588692623404,7.701027773686899,7.8260002064229965,7.799795011572579,7.629007022255322,7.820657525907147,7.832390364157116
129,5.193527168493943,5.606101920862926,5.736955437869442,5.356226214576738,5.8130671776247915,5.2621662559590066,5.79747195886979,5.273844794426325,5.964188432367252,5.393132547639173,5.574459936416615,5.590517368173703,5.213358102822632,5.2898079824703625,5.462976278385562,5.218783056069226,5.298660019733958,5.5599795432339985,5.323210777950516,5.355355276258367
130,6.47740281997973,6.63619608819892,6.808838189107921,6.58102753531808,6.359341749138935,6.401112946420204,6.700601073185764,6.401556269815682,6.391168705538018,6.406226385963024,6.480361667067531,6.485210026514993,6.77886730933587,6.5746220290857185,6.382677070569701,6.470297711734702,6.47340507590837,6.610778446417479,6.469435356061941,6.634230806291039
131,6.501068814460837,6.539802310061651,6.105803106194872,6.147510028412231,6.213414689553688,6.563065550692846,6.629207013170527,6.422232762177668,6.634191393204945,6.30504703704906,6.07513707742491,6.50374373370927,5.743103840151134,6.346594863375265,6.186331896341651,6.2155902186969065,6.340444082601389,6.118418612875919,6.1412472845715005,6.261939887904614
132,5.7955491132514325,5.833993549938819,5.648460061119712,6.267434611717809,5.753713622588711,6.009898765928638,5.640755947864152,5.754734485427649,6.472339708426924,6.2768561784612436,6.360577416144389,6.385280699372398,6.209899987015355,5.66153895883554,5.847344250023095,5.662734795256903,5.902705544847702,5.450257938995169,5.952988710366517,6.095544672136148
133,7.46777956383907,6.970305800471504,7.25243439076634,7.173474846597181,7.340449926645327,7.588389464536653,7.4221248369430075,7.4277800407424905,7.246557378275153,7.293691533582393,7.514171684520685,7.495172360849836,7.405948593669885,7.236766706424298,7.155990009462336,7.428998387156918,7.5478452569644725,7.307070794498755,6.567856412333183,7.742276847464778
134,9.087159368668317,8.920780615541148,9.030960020949912,8.767912900264982,9.258378877278698,8.69743649590039,8.576072577505819,8.707725328830737,9.064245944841812,9.129747918915825,9.171242480851676,8.516002591566693,9.203116463893611,8.890269405978625,8.617292499592091,8.789905763606038,8.81113475030379,8.608978805770413,8.63746688626176,8.659392965792389
135,4.415511767913838,4.671344044680626,4.796269965160613,4.7678948410188395,4.713709387454561,5.011987218090808,4.686020241816707,4.893431362736052,4.303201930908109,4.477477446782306,5.287320721515833,4.838121175210519,4.756415793045833,4.798486815913975,4.8863976047932915,4.8180999785941925,4.619307440893049,4.966131372732162,4.5359847483899856,4.684488571141907
136,4.689672722327948,5.314886637394702,5.137414642054826,5.088203620322491,5.348616184235047,5.2251852041919005,5.0513185637413525,5.322464797295273,5.265666956952178,4.852903376468669,5.023627335124081,4.815558335933161,5.003623259024515,5.089607226821074,4.959737318051967,5.048030189608918,5.030950913279156,4.858159287295989,5.0877250422808,5.218095473032957
137,6.974518703401009,6.892975848863168,6.971901631970826,6.930300426682793,6.934784212666852,7.077699028562272,6.68775386993575,7.330587384690336,7.155399649847787,7.050370166227831,6.9789239134239125,7.454435240586361,6.922346529554684,7.014247977252641,6.940679058394261,7.130501314214821,6.976091932848771,6.459191734549396,7.011289151800929,6.929183933109802
138,6.151877459540787,5.495905007236969,6.538236494823943,6.1781264950618935,5.98321977168903,5.961517897645019,5.886366915793182,5.5378190227305515,6.031774124212341,6.022998480131529,5.784504889293551,6.075758969197684,5.966058841047326,6.0602039363062765,6.095229569520004,5.870576544295059,6.110784076475593,6.200378983972454,6.383276890608049,6.401088846542471
139,6.42754781213002,6.339585012545262,7.007200978071958,6.787724553461526,6.145845208587248,6.63963209586805,6.426995735719543,6.077308983656121,6.41330256649079,6.552490953413488,6.23515690554874,6.469486610338167,6.443821743944902,6.411212973048935,6.348481735042741,6.177266524265905,6.60978033417819,6.382484924931804,6.620224997372278,6.791021980054454
140,8.325473861865582,8.126437409799898,7.958823088422548,7.738391877968681,8.024385260094068,7.955344856260814,7.998919379676772,7.720944870315514,7.926389430313813,7.6740683216541115,7.972739468245463,7.829832727340957,8.021006300730193,7.958801399815766,8.129943359274298,8.120370855456336,7.948193289286499,7.861446142197847,8.036573234594346,7.727054711810947
141,7.179534547546769,7.671915805906252,7.104544277503884,7.266007459997425,7.330533743411454,7.674080251804082,7.2494728042644425,7.45893713279948,7.456089978007222,7.477825876878924,7.31529525653427,7.3287070977192155,7.314409589592356,7.610276359169374,7.78561555756435,7.276845267522923,7.077929661250289,7.205818273553172,7.435161843420218,7.760386216420173
142,7.403341146684167,6.900853524502942,6.912887825087145,6.922321480818887,6.788155816319122,7.516387062343006,7.415794120300111,6.960740213157381,7.1618520482952395,7.426221013193788,7.129439765552377,7.527347680518048,6.747483134221388,7.351145354909251,7.055811483665254,6.997694315802875,6.736441800367155,6.8235860830975,7.088071472188224,7.530198887948762
143,6.56205773538831,6.768210548186932,6.81331234078567,7.21744056614238,6.909225269486122,6.585326496154726,7.068669843806007,7.00232902138783,6.919734794381699,6.277554876848994,6.875291009875893,7.135798524373714,6.443730107797952,6.991042459363953,6.977969042704634,7.536507911026658,7.158411124822279,7.147470761949856,6.862785652863508,7.016233607064344
144,3.436580269731512,3.9074196303771496,4.218135499717656,3.619528036869912,3.905899261980972,4.11472585292313,3.798725856606442,3.988838900822879,4.189224559185829,3.8251718743981726,3.891407584587779,3.706947873282899,3.6229800265668106,4.212649592443315,3.906952831998325,4.546670629460284,4.356776034201454,3.989871159296994,3.7532374406063345,4.240814112915
145,5.609042681107585,5.419887580646918,5.649118979774376,5.711333679565646,5.503792356250112,5.459365507043433,5.324609733453355,5.564322985388498,5.54629089937078,5.462605444204108,5.296316311268695,5.604542436765761,5.970402124474569,5.32795192267016,5.449089782146809,5.6292129551708845,5.4246363706038165,5.581941791839126,5.333541722719595,5.258640706180749
146,5.167195088285478,4.421605360925849,4.585202027575342,4.621233952002175,4.5931573896337525,4.696526183873649,4.542363692875545,4.609483300329295,4.579869513582263,4.709598148446736,4.644494123993383,4.5105229255537385,4.3643049006904615,4.517274654605647,4.469881130403979,4.638495957025469,4.463351724043806,4.404904917915198,4.186772250835815,4.508367223361399
147,6.810849624005259,6.976445148405158,6.285479345802519,6.828945209218301,6.823970659092467,6.608281484783237,6.917085325489504,6.584075645458262,6.736665283203234,6.406877737420591,6.57495279065442,6.722640199919086,6.645295356326541,6.513093149975694,6.6138622276963,6.6865561955939405,6.484453069948174,6.485019600221632,6.758259637523192,6.971821466116348
148,6.735106081521107,6.276282760894247,7.0077206722498975,6.890409089544485,6.469990593210653,7.204933207239671,6.790474460407332,6.589235725190445,6.645811844648034,6.433057743347611,6.40844363188419,6.715946000614473,6.450187192600373,6.705617206153789,6.645411434980416,6.487201152711792,6.631592061116483,6.609184351187716,6.45795483214819,6.754361873779103
149,6.915119773240164,7.4523563633979935,6.6539201605495535,6.978081996833701,7.30132866316916,6.913796080976275,6.996897934176856,7.079621946232158,7.181004153482407,6.726483054861728,6.735600940907621,6.957314334831253,6.8603502033596175,6.9134738941163185,6.952914908999453,6.798874733760921,6.865537568529842,7.043893423404116,7.022053172824331,7.0654301854486725
150,4.073943929919397,4.2584985603987375,4.357158329442334,4.213343456111081,4.156281873692501,4.059845212959588,3.867928060899395,3.9947892038663815,4.185720376113561,4.002366378476109,3.996718496373931,3.8031017786741312,3.920311277415534,4.112297620279103,4.071413582572142,3.9932396077473236,4.122103792273772,3.8507696627912105,4.312685923660467,3.962539761742682
151,5.785394836683515,5.873971049762478,5.702056686839586,5.649646015027438,5.487504086464863,6.34710042057255,5.503210096051092,5.729957715298455,5.518508112380299,5.923137149404042,5.364782283629609,5.282960739255747,5.736140727891344,5.610123513146037,5.793446166518953,5.677792629013027,5.83816467631158,5.177167140415275,5.828023824718581,5.643797304214096
152,5.75364701194971,6.62442289594698,6.28271384356178,6.293420491894913,6.216217126868573,6.41859393621979,6.208929618483959,6.2910025947461055,6.253533608412068,6.176832622099075,6.171707299891521,6.784910303191655,6.082619573755565,5.912301102265161,6.478835275408523,6.085985823936212,6.475269798837214,5.94944627612427,5.780539240479198,5.753371017744257
153,3.557226537696952,3.165476413965155,3.2443634784774567,3.053705919812797,3.525691686602884,3.5939420693232176,3.1359732170958137,3.5638834494005227,3.812040778791178,3.233031841335667,3.6843972359897883,3.763324021322428,3.568673709298626,3.275780980846774,2.9847406172575823,3.622513266860655,3.535817190306743,3.6115119673652263,3.830427470896264,3.783116811455617
154,2.8977907402084204,3.462566267341411,3.2379687960538606,2.903110752713941,3.165077582192718,2.873858452874643,3.015647142401812,3.066710836174065,3.0478877493579724,3.0699327207377394,3.0134790033133294,3.2610941699410474,2.8561084242980783,3.067245183968075,2.884877818301563,2.8876247503914705,3.315352172055717,3.2641450911750267,3.1392401245757666,3.1131980579689893
155,4.321494092599859,4.454621893539995,4.5809162851069,4.193733892067229,4.560181009763334,4.184459324351736,4.379583720442392,4.183355539340228,4.403528902045157,4.093963034792658,4.534909778381807,4.421840469577146,4.2104227809363355,4.405530401201233,3.9399576406949635,4.379227742037186,4.302534099982615,4.216375185428362,4.1955836611582695,3.899372266921871
156,5.412774906945111,5.783841998688805,5.8576664861009835,5.537052522947712,5.540889102087423,5.590388698786693,5.613447437238214,5.418723578310518,5.572390628918301,5.690817431078633,5.5771624505228425,5.2856202206573,5.92302664307157,5.662070738178228,5.3376950948874455,5.521384291692412,5.382770828943407,5.412616280181381,5.835082464928045,5.698256834420237
157,5.961920299160322,5.81048843698191,6.026765820805826,5.818722935217163,5.728728899972761,5.53458985607164,5.549597924813793,5.8219599374566116,5.622536433419533,5.675715638043406,5.674057289681993,5.4584886474642484,5.944570819370307,6.078813435828867,6.037002007562536,6.056183783498074,5.698106395134907,5.823862986426181,6.130666117317799,5.821850745573014
158,6.240871357267483,6.556362889098656,6.212814186122111,6.466927287467682,6.3570708095025745,6.26452357044936,6.42026481953709,6.16382344424927,6.439942639242034,6.353818517646734,6.113864482382748,6.121820146296322,6.0953215529490725,6.272920913581736,6.499592580030588,5.997655739603232,6.396044979091307,6.4453960133338,5.928553212636478,6.02374255017434
159,5.271402896826116,5.1186783414670085,5.6934822140877905,5.3224748998531055,5.449639951491831,5.46328521608071,4.871539796402421,5.358784226610002,5.316324229382651,5.147115392185917,4.689052274912957,4.949586600828467,4.979696319279393,5.619700687992727,4.798681003727604,5.252446830961016,5.429106644298193,5.706182390734789,5.5971335126589095,5.484566057715878
160,5.44328708052782,5.8573890236162,6.279682838272873,5.642984068957569,5.986320112207277,6.494774414491539,5.584957011645595,5.9174691897124685,5.584793196586917,5.766137543128421,5.72026472677187,5.9807695044277445,5.758514757535087,5.977121911281855,5.708171875587187,5.7388643745857575,5.958339736023744,5.90373792015526,6.046646491756071,5.954282978144004
161,7.277525057712227,7.3030333680042245,7.234698106283612,7.195042925123191,7.428821682241804,7.513460388743862,6.852909893713016,7.0325859399274355,7.250790655101506,7.17177568646658,7.247075793398999,7.152457025875437,7.281262169761771,7.292475270038002,7.216211306696633,7.336514374976212,7.581770128781878,6.992019336029815,7.171792306512687,7.470225443356162
162,5.024749734769584,4.778413517017083,5.320997424373857,4.904017511446941,5.031012559097515,4.5000337305177,4.346808472015024,5.154064094036137,4.94819545200732,4.902794389238137,4.77215620061707,4.918568245027455,4.953270791365679,4.951899718449758,5.033863473088166,4.651621511203823,4.951345658925447,4.556309456705833,4.827614729422956,5.118896190959525
163,6.2292949425642705,5.657101652341746,6.062286949952286,5.625826575321836,5.925910589917057,6.056872972738494,6.0138844165044745,5.810760232505972,5.581774930829951,5.5666448697130395,5.73488195106845,5.96707690784902,6.208312470441406,5.907967126911819,5.978470159852758,5.937304576305845,5.983303023873954,5.958068624891874,5.648746627298674,5.835190724310015
164,5.6845103538963215,5.50172832423787,5.6145897558984466,5.706659182818914,5.534619742840098,5.45161449105948,5.608232371213303,5.697711096303232,5.996984831599695,5.69193973598443,5.742293406091203,5.503058459015612,5.4221357141334785,5.75908091327119,5.662297929972952,5.561002158922805,5.576709466435533,5.699796532536433,5.73807101809763,5.788582173517015
165,3.7498344147998957,3.7541564714128257,3.541795882988467,3.5022618624913404,3.5748891848608,3.521144739189911,3.6069030122891768,3.3898805400221104,3.730345643647473,3.42174278339675,3.506846450132993,3.5263419364239343,3.6662775459980956,3.6182384851456826,3.52484426271256,3.4447385250122533,3.766748325983386,3.4807586983010474,3.633627169026596,3.787021726407154
166,4.787435273228926,4.652216320457853,4.8791628017767295,4.92145355692263,4.761120253980071,5.017655080762369,5.038222229846309,5.036348402185771,4.7832942841495925,4.854657483147136,4.882256049961962,4.695920091794687,4.515627215572884,4.742211575743903,4.923292606908112,4.95007187363651,4.811626717421176,5.141475626631445,4.885985104142943,4.904239977004298
167,6.050988436037077,6.02088270004888,6.000677101511668,5.998983511530167,5.894809510702105,5.805098494037219,6.102896125010171,5.919582441491114,6.150761306143618,6.051902399325,6.068938189337771,5.932920475324094,6.248650806241237,6.18821703894843,5.9334767410507165,5.938927002305757,5.818282881918888,6.2243336729434535,6.048059731780265,5.643798955243771
168,5.647561257466512,5.754963922892685,5.978704837473766,5.971330154444884,5.960454105391008,5.929660789006708,6.273371160766137,5.804921741862101,5.827636971653538,6.167761785183365,6.122052970387335,5.843033853804216,5.8887251208858435,5.989391402753261,5.761397509041075,5.800005130203013,5.894402116626178,6.0005315138179025,5.815814883038833,5.987239416303744
169,6.1298355331254335,6.084465906144516,6.125401610854561,6.198976545934325,6.132582228079906,6.023209943717759,5.9352999017301755,5.985752912439482,6.026550153553018,6.025940175082356,6.074437675149916,5.87551984217645,6.070729227741695,6.1653832493499285,6.013201927396722,5.985197964745143,6.017721908225351,6.180837989522029,5.966577555840974,6.013270144684383
170,7.389954964403477,7.688145683416517,7.076855736289316,7.6876579049484866,7.15049454727585,7.623341251472349,7.481076656908273,6.872222270703301,7.4876332544144395,7.105012154124562,7.402103557467562,7.261506361331398,7.332869106665838,7.2404337039528,6.884469018702676,7.28689584132197,7.285556313040744,7.3314943296444355,7.493897162491242,7.207518255682222
171,6.197118862663002,5.515410264826036,6.248484022394808,5.94486811631557,6.344926027442878,6.0677782354868475,6.088818857508981,5.681428659397269,6.223514879518694,6.178426701656825,5.922904059517117,6.256373011513873,6.077520479979478,6.29184773522997,5.917414490648577,6.092449380754298,5.840922093381581,6.18119214296328,6.06473821173331,5.935351513468926
172,8.79452025803645,8.514830784890583,8.490966321733776,8.449350473553949,8.734532105017186,8.771301870098029,8.780812525806052,8.429457082671423,8.652585922830518,8.40061519979243,8.519184133709116,8.239949349457902,8.400757599609774,8.391095965232912,8.506308663576073,8.705065463471628,8.341330642765872,8.338811442308009,8.53694697195472,8.614276417492007
173,10.6067041599213,10.542064845653702,10.522519074559687,10.780587721342297,10.600670366125971,10.701502129728874,10.308523313651145,10.554811010994985,10.291556818124036,10.565820327943573,10.537432584950537,10.409858546874485,10.389128416365459,10.041814795445392,10.911612316318632,10.563533693738513,10.797216329283913,10.63194096175684,10.40160064944121,10.584608419478904
174,2.873101184182968,2.6427094285166333,2.85343696300982,2.748447253690105,2.873397103190972,2.7351720142615403,2.6487630362322543,2.8966076981047326,2.742012364373629,2.82934512809019,2.9506652684360146,2.859329774904593,2.7331348867251806,2.790068207113946,2.870163910368155,2.5510181756342964,2.826339560659812,2.884525211325598,2.923167476969562,2.5946474837570883
175,3.6956279025160383,3.567059445596861,3.7143428392675846,3.279647900378462,3.6571004918586816,3.6141975709311964,3.6638361038277676,3.7440420987258856,3.5142437144598793,3.4882604554470524,3.5427502244115843,3.569218544647179,3.43107281375537,3.473577124083692,3.477421892724765,3.33009301059988,3.5335156232556733,3.762678414519356,3.319840360295892,3.3427135076795143
176,4.216516792951514,3.706983173458621,3.7991286401960083,3.8556197874044895,3.9539992963398998,3.9173354829318945,3.675889215678705,3.959712953966481,3.6345739660723835,3.806270737158335,3.909457610742593,3.864988920985439,3.692394664876552,3.8098602725362873,3.94240007732802,3.7496325371778645,3.62181758893154,3.7140423328008323,4.016197628902539,3.7615099613765057
177,6.713532730659447,6.616497884584842,6.5215476179679825,7.152070476554371,6.655297279224857,7.199938032214269,6.5667465970719086,6.748410568501859,6.6601416594985015,7.347312828295763,6.860439730384128,6.806346307868344,6.886762107597474,6.537857794180348,7.199748696682624,6.3214933825410995,7.484364593725529,6.889131196784528,6.857954005427539,6.7015479958426365
178,5.669236407076648,5.620805795361228,5.5388749472265415,5.544504965973511,5.317356573820559,5.5529059334855555,5.112720083201195,5.3829404321958725,5.354085316300724,5.385087896101936,5.031097256830668,5.483703149920286,5.59818810433214,5.3272766507559055,4.964034703999792,5.463667697255474,5.465595582195751,5.398090814207687,5.35756817935348,5.176782372574157
179,7.336207079502884,7.213476128699851,6.946165110585964,7.366402177664574,6.884903163891854,7.3164369528010695,6.657681274227337,7.21634403089707,7.094896813240343,7.109044979358435,7.161540802398395,7.043130755885196,7.502562329650081,7.322968931669026,6.358370717149626,7.23185123853545,7.537045561737236,7.381050597876583,7.336554680794579,6.783691397861473
180,4.963765048221401,5.291345348627124,5.23587567732374,4.722926714452347,5.010091381323521,5.425197282119699,5.4272306744823755,4.8327611941132425,5.037801094134514,5.162262128488823,5.141848087179708,5.142003392084273,5.115499624219858,5.003017758063433,5.008856329875835,5.581136410462998,5.218029077027523,4.883828397848514,5.4086590234592675,5.1472394503166345
181,8.46221232232934,8.003147083886141,8.109699467690545,8.102854597810104,8.099777868572492,8.208523077718889,8.297132312407236,8.233533985544495,8.144527338508063,8.209749331873027,8.368937907110201,8.253358609510029,8.125196973520511,8.209624490527233,8.125175449952497,8.184911921725874,8.320419235865238,8.21906398089114,8.234884937708113,8.16662641094121
182,8.583622407231015,8.498495434412273,8.543089308873515,8.782336810554233,8.58727024950715,8.566088746227642,8.207777651920944,8.464992776441822,8.717922663500179,8.872794963497666,8.557227845311914,8.520571538546935,8.866373891665214,8.483703087861308,8.548799456848345,8.82894237799826,8.556274226045339,8.777282488637116,8.691417342408043,8.413663975625022
183,6.1711136692577275,5.927635664087102,6.218548712115135,5.93198622186134,5.823187330479769,5.575878116205164,6.150701478914266,6.631279397049416,6.5211666328811315,5.848227700017118,5.96043621139399,6.0399924666986236,5.992022237878739,6.124522026385328,5.636293222910485,5.779800804525946,6.189882026214975,5.928353463421445,5.891113129873334,5.9112534704019195
184,5.891761053451598,6.828540524847534,5.907404104360772,6.071773204827015,5.810655366911333,6.310793668066066,5.473530595352637,5.872926670909488,6.456625535336499,5.419617007717562,5.375117753608263,5.978659720162254,5.4323526437438705,5.708123739318097,5.610696784009457,6.434886661962259,6.181834959981625,5.823448437323673,5.880832650641004,5.529898247633133
185,7.274896032688467,7.423712350719889,7.153573648433057,7.465805617060827,7.6585351671569395,7.337887766528542,7.51904957002039,7.531374707684284,7.5328686169102115,7.548613611698304,7.459753066641387,7.525977756879678,7.516197584604856,7.553011294887034,7.22546812608244,7.338526428217291,7.204587345077176,7.60322208728852,7.393317679445392,7.43883458033779
186,8.173859601311877,8.245534976146198,8.490144327855376,8.49508437191593,8.810105787306094,8.339614231119633,8.683538655509247,8.358642225499052,8.562985710912086,7.948601911367465,8.66957549017394,7.953206980062287,8.716831495865513,8.348708022668696,8.832360756602306,8.243944529360984,8.106274886035674,9.025132733975585,8.219316521676966,8.083766679153086
187,8.025624917987646,7.986270301648019,7.630022860050469,7.963166712568559,8.585683679356082,7.612571460756399,8.196728981438916,8.110947360996041,8.360527672773081,8.011099664124615,8.214318822073281,8.44022329358348,8.500839552642075,8.048870967526607,8.089710023725743,7.900748934076326,7.840433199634948,8.177905701962004,8.335320427411727,8.306055224790024
188,8.580203354317467,8.568415567886483,8.497525945565979,8.699485842249043,8.68526178932361,8.318141221720774,8.413620674789362,8.542069493063623,8.517540710992748,8.367309537486058,8.554766042802761,8.12281862001267,8.891077551242631,8.172471531888018,8.688850658570065,8.129302197583524,8.459714716249785,8.355363624093776,8.56548379649331,8.540116514880108
189,7.102712384171541,7.063689481844026,7.209715418475304,7.730342813030219,7.095412623312592,6.925276473977024,7.459975609626468,7.189017916509222,7.1846504506945745,7.386120901440117,7.105471228045147,7.4734097197171145,7.111621879070674,7.161369191957486,7.070295958211684,7.170896458903874,7.307414229477132,6.847504483008265,7.176341152401092,7.183507825471467
190,7.787786282273256,7.844089843526167,7.839982326213853,7.921255760460731,7.73404242254236,8.127259867158921,8.013804929947987,8.054830493395386,8.226450489047851,7.880243903179004,7.490209257545898,7.909157154800911,7.728389387725844,8.042730633179815,7.91402099518473,7.938598233748147,8.033597564552863,7.53490837818547,7.993725831251635,8.073858721740345
191,8.148258821997896,8.639158436850268,8.63567908693158,8.291509263613483,8.642914366232905,8.681787576955514,8.684297644231826,8.87892407786809,8.70275342814617,8.626216178163354,8.564581622569072,8.775107182110855,8.981291580976292,8.393469193171729,8.848720756005553,9.053944492020067,8.660348827472632,8.898620618505792,8.616071020645101,8.791065829573107
192,5.466015506517273,5.100616342997637,5.217785181024036,5.199892411173083,5.350884096395866,5.0616025637635005,4.968933802396881,4.927075569740492,4.781606335450633,5.111084429900691,5.178892633561187,5.26255760519219,5.240314207681474,5.0070921175945395,5.181250209818188,5.091337673227665,5.206059079510784,4.9605108973307654,5.212692628284021,4.704693148574805
193,6.360563251404512,6.250680660571307,6.1561730435472395,6.182845489919752,6.367963867720675,6.07757620503847,6.132558007206947,6.226197719401435,6.482821418215382,6.365636558513742,6.161064628874934,6.283225049359801,6.129846730108058,6.157055353751404,6.06310957459182,6.2692534623510205,6.313574756772093,6.168065434632425,6.153935980867416,5.9339490433025635
194,5.757257009445176,6.187576418687701,6.0049622867543055,5.58496559431061,5.702192615286754,5.803866143968799,5.332350826065397,5.595709449654667,5.945902942669374,5.5528264861411065,5.685016972654397,5.85952877677739,5.78483354240905,5.483388182996002,5.5661244432760535,5.8840427308301475,5.900681583217834,5.507478888774338,5.639338211996612,5.324509280699674
